-- Repeatable migration: seed test data from COBOL fixed-width files
-- Generated by generate_seed_data.py

-- Clear existing data (order matters for FK constraints)
DELETE FROM card_xref;
DELETE FROM card;
DELETE FROM account;
DELETE FROM customer;

-- Customer data (custdata.txt / CVCUS01Y)
INSERT INTO customer (cust_id, cust_first_name, cust_middle_name, cust_last_name, cust_addr_line_1, cust_addr_line_2, cust_addr_line_3, cust_addr_state_cd, cust_addr_country_cd, cust_addr_zip, cust_phone_num_1, cust_phone_num_2, cust_ssn, cust_govt_issued_id, cust_dob, cust_eft_account_id, cust_pri_card_holder_ind, cust_fico_credit_score) VALUES (1, 'Immanuel', 'Madeline', 'Kessler', '618 Deshaun Route', 'Apt. 802', 'Altenwerthshire', 'NC', 'USA', '12546', '(908)119-8310', '(373)693-8684', 20973888, '00000000000049368437', '1961-06-08', '0053581756', 'Y', 274);
INSERT INTO customer (cust_id, cust_first_name, cust_middle_name, cust_last_name, cust_addr_line_1, cust_addr_line_2, cust_addr_line_3, cust_addr_state_cd, cust_addr_country_cd, cust_addr_zip, cust_phone_num_1, cust_phone_num_2, cust_ssn, cust_govt_issued_id, cust_dob, cust_eft_account_id, cust_pri_card_holder_ind, cust_fico_credit_score) VALUES (2, 'Enrico', 'April', 'Rosenbaum', '4917 Myrna Flats', 'Apt. 453', 'West Bernita', 'IN', 'USA', '22770', '(429)706-9510', '(744)950-5272', 587518382, '00000000000506210371', '1961-10-08', '0069194009', 'Y', 268);
INSERT INTO customer (cust_id, cust_first_name, cust_middle_name, cust_last_name, cust_addr_line_1, cust_addr_line_2, cust_addr_line_3, cust_addr_state_cd, cust_addr_country_cd, cust_addr_zip, cust_phone_num_1, cust_phone_num_2, cust_ssn, cust_govt_issued_id, cust_dob, cust_eft_account_id, cust_pri_card_holder_ind, cust_fico_credit_score) VALUES (3, 'Larry', 'Cody', 'Homenick', '362 Esta Parks', 'Apt. 390', 'New Gladys', 'GA', 'USA', '19852-6716', '(950)396-9024', '(685)168-8826', 317460867, '00000000000052419303', '1987-11-30', '0006465789', 'Y', 616);
INSERT INTO customer (cust_id, cust_first_name, cust_middle_name, cust_last_name, cust_addr_line_1, cust_addr_line_2, cust_addr_line_3, cust_addr_state_cd, cust_addr_country_cd, cust_addr_zip, cust_phone_num_1, cust_phone_num_2, cust_ssn, cust_govt_issued_id, cust_dob, cust_eft_account_id, cust_pri_card_holder_ind, cust_fico_credit_score) VALUES (4, 'Delbert', 'Kaia', 'Parisian', '638 Blanda Gateway', 'Apt. 076', 'Lake Virginie', 'MI', 'USA', '39035-0455', '(801)603-4121', '(156)074-6837', 660354258, '00000000000068579249', '1985-01-13', '0040802739', 'Y', 776);
INSERT INTO customer (cust_id, cust_first_name, cust_middle_name, cust_last_name, cust_addr_line_1, cust_addr_line_2, cust_addr_line_3, cust_addr_state_cd, cust_addr_country_cd, cust_addr_zip, cust_phone_num_1, cust_phone_num_2, cust_ssn, cust_govt_issued_id, cust_dob, cust_eft_account_id, cust_pri_card_holder_ind, cust_fico_credit_score) VALUES (5, 'Treva', 'Manley', 'Schowalter', '5653 Legros Plaza', 'Apt. 968', 'Alvinaport', 'MI', 'USA', '02251-1698', '(978)775-4633', '(439)943-7644', 611264288, '00000000000639799754', '1971-09-29', '0006365573', 'Y', 529);
INSERT INTO customer (cust_id, cust_first_name, cust_middle_name, cust_last_name, cust_addr_line_1, cust_addr_line_2, cust_addr_line_3, cust_addr_state_cd, cust_addr_country_cd, cust_addr_zip, cust_phone_num_1, cust_phone_num_2, cust_ssn, cust_govt_issued_id, cust_dob, cust_eft_account_id, cust_pri_card_holder_ind, cust_fico_credit_score) VALUES (6, 'Ignacio', 'Emery', 'Douglas', '3963 Yasmin Port', 'Suite 756', 'Port Josephstad', 'VI', 'USA', '46713-5148', '(277)743-4266', '(519)010-8739', 880329521, '00000000000975535496', '1994-11-29', '0067163009', 'Y', 753);
INSERT INTO customer (cust_id, cust_first_name, cust_middle_name, cust_last_name, cust_addr_line_1, cust_addr_line_2, cust_addr_line_3, cust_addr_state_cd, cust_addr_country_cd, cust_addr_zip, cust_phone_num_1, cust_phone_num_2, cust_ssn, cust_govt_issued_id, cust_dob, cust_eft_account_id, cust_pri_card_holder_ind, cust_fico_credit_score) VALUES (7, 'Cooper', 'Dennis', 'Mayert', '6490 Zakary Locks', 'Apt. 765', 'Madieport', 'AL', 'USA', '34206-2974', '(698)282-4096', '(458)199-0016', 835138951, '00000000000959013170', '1977-05-06', '0024571415', 'Y', 499);
INSERT INTO customer (cust_id, cust_first_name, cust_middle_name, cust_last_name, cust_addr_line_1, cust_addr_line_2, cust_addr_line_3, cust_addr_state_cd, cust_addr_country_cd, cust_addr_zip, cust_phone_num_1, cust_phone_num_2, cust_ssn, cust_govt_issued_id, cust_dob, cust_eft_account_id, cust_pri_card_holder_ind, cust_fico_credit_score) VALUES (8, 'Kelsie', 'Jordyn', 'Dicki', '0925 Welch Streets', 'Apt. 152', 'North Nanniestad', 'SC', 'USA', '27610', '(345)563-7159', '(443)197-1271', 295270759, '00000000000109746991', '1964-03-25', '0033132723', 'Y', 51);
INSERT INTO customer (cust_id, cust_first_name, cust_middle_name, cust_last_name, cust_addr_line_1, cust_addr_line_2, cust_addr_line_3, cust_addr_state_cd, cust_addr_country_cd, cust_addr_zip, cust_phone_num_1, cust_phone_num_2, cust_ssn, cust_govt_issued_id, cust_dob, cust_eft_account_id, cust_pri_card_holder_ind, cust_fico_credit_score) VALUES (9, 'Melvin', 'Regan', 'Ondricka', '87893 Samson Flats', 'Apt. 135', 'New Braden', 'VI', 'USA', '21113', '(035)456-1404', '(412)440-3130', 842035847, '00000000000568299451', '1975-11-07', '0039446039', 'Y', 699);
INSERT INTO customer (cust_id, cust_first_name, cust_middle_name, cust_last_name, cust_addr_line_1, cust_addr_line_2, cust_addr_line_3, cust_addr_state_cd, cust_addr_country_cd, cust_addr_zip, cust_phone_num_1, cust_phone_num_2, cust_ssn, cust_govt_issued_id, cust_dob, cust_eft_account_id, cust_pri_card_holder_ind, cust_fico_credit_score) VALUES (10, 'Maybell', 'Creola', 'Mann', '77933 Adah Dale', 'Suite 343', 'Andersonfurt', 'CT', 'USA', '44803-4279', '(614)594-2619', '(667)057-0235', 754755746, '00000000000212824755', '1980-06-11', '0093803568', 'Y', 476);
INSERT INTO customer (cust_id, cust_first_name, cust_middle_name, cust_last_name, cust_addr_line_1, cust_addr_line_2, cust_addr_line_3, cust_addr_state_cd, cust_addr_country_cd, cust_addr_zip, cust_phone_num_1, cust_phone_num_2, cust_ssn, cust_govt_issued_id, cust_dob, cust_eft_account_id, cust_pri_card_holder_ind, cust_fico_credit_score) VALUES (11, 'Hayden', 'Ressie', 'Pfannerstill', '14895 Everette Ridges', 'Apt. 443', 'Julianneburgh', 'WA', 'USA', '24984', '(002)533-6980', '(553)586-7718', 493538586, '00000000000111190855', '1986-11-03', '0002650577', 'Y', 209);
INSERT INTO customer (cust_id, cust_first_name, cust_middle_name, cust_last_name, cust_addr_line_1, cust_addr_line_2, cust_addr_line_3, cust_addr_state_cd, cust_addr_country_cd, cust_addr_zip, cust_phone_num_1, cust_phone_num_2, cust_ssn, cust_govt_issued_id, cust_dob, cust_eft_account_id, cust_pri_card_holder_ind, cust_fico_credit_score) VALUES (12, 'Maci', 'Alan', 'Robel', '80501 Isac Cliffs', 'Suite 623', 'Predovicton', 'MN', 'USA', '78861', '(584)045-5200', '(610)244-0407', 666114218, '00000000000902143351', '1984-02-18', '0061317348', 'Y', 688);
INSERT INTO customer (cust_id, cust_first_name, cust_middle_name, cust_last_name, cust_addr_line_1, cust_addr_line_2, cust_addr_line_3, cust_addr_state_cd, cust_addr_country_cd, cust_addr_zip, cust_phone_num_1, cust_phone_num_2, cust_ssn, cust_govt_issued_id, cust_dob, cust_eft_account_id, cust_pri_card_holder_ind, cust_fico_credit_score) VALUES (13, 'Mariane', 'Oma', 'Fadel', '2689 Derick Mission', 'Suite 055', 'Bruenfurt', 'OR', 'USA', '02322', '(875)943-7287', '(075)550-6435', 757924569, '00000000000181377220', '1999-03-09', '0044807431', 'Y', 53);
INSERT INTO customer (cust_id, cust_first_name, cust_middle_name, cust_last_name, cust_addr_line_1, cust_addr_line_2, cust_addr_line_3, cust_addr_state_cd, cust_addr_country_cd, cust_addr_zip, cust_phone_num_1, cust_phone_num_2, cust_ssn, cust_govt_issued_id, cust_dob, cust_eft_account_id, cust_pri_card_holder_ind, cust_fico_credit_score) VALUES (14, 'Chelsea', 'Ignacio', 'Marks', '747 Dino Lodge', 'Apt. 850', 'West Chase', 'RI', 'USA', '12914-8465', '(141)807-6571', '(284)088-9052', 655128548, '00000000000525955222', '1974-11-29', '0048306401', 'Y', 243);
INSERT INTO customer (cust_id, cust_first_name, cust_middle_name, cust_last_name, cust_addr_line_1, cust_addr_line_2, cust_addr_line_3, cust_addr_state_cd, cust_addr_country_cd, cust_addr_zip, cust_phone_num_1, cust_phone_num_2, cust_ssn, cust_govt_issued_id, cust_dob, cust_eft_account_id, cust_pri_card_holder_ind, cust_fico_credit_score) VALUES (15, 'Aubree', 'Elliot', 'Hermann', '36365 Ledner Drives', 'Suite 882', 'Port Efrainland', 'DE', 'USA', '63205-7014', '(769)100-7971', '(366)310-2061', 33922034, '00000000000230369941', '1964-12-06', '0000634612', 'Y', 681);
INSERT INTO customer (cust_id, cust_first_name, cust_middle_name, cust_last_name, cust_addr_line_1, cust_addr_line_2, cust_addr_line_3, cust_addr_state_cd, cust_addr_country_cd, cust_addr_zip, cust_phone_num_1, cust_phone_num_2, cust_ssn, cust_govt_issued_id, cust_dob, cust_eft_account_id, cust_pri_card_holder_ind, cust_fico_credit_score) VALUES (16, 'Carroll', 'Cicero', 'Bergstrom', '06988 Thiel Falls', 'Suite 148', 'Concepcionland', 'VT', 'USA', '84390', '(631)343-8667', '(938)648-3716', 649827971, '00000000000293265752', '1983-04-27', '0012556599', 'Y', 326);
INSERT INTO customer (cust_id, cust_first_name, cust_middle_name, cust_last_name, cust_addr_line_1, cust_addr_line_2, cust_addr_line_3, cust_addr_state_cd, cust_addr_country_cd, cust_addr_zip, cust_phone_num_1, cust_phone_num_2, cust_ssn, cust_govt_issued_id, cust_dob, cust_eft_account_id, cust_pri_card_holder_ind, cust_fico_credit_score) VALUES (17, 'Sigrid', 'Angeline', 'Mann', '95666 Dare Isle', 'Suite 286', 'New Presley', 'FM', 'USA', '56181-0584', '(087)314-2070', '(541)003-6606', 303334693, '00000000000497606357', '1979-01-26', '0052356071', 'Y', 54);
INSERT INTO customer (cust_id, cust_first_name, cust_middle_name, cust_last_name, cust_addr_line_1, cust_addr_line_2, cust_addr_line_3, cust_addr_state_cd, cust_addr_country_cd, cust_addr_zip, cust_phone_num_1, cust_phone_num_2, cust_ssn, cust_govt_issued_id, cust_dob, cust_eft_account_id, cust_pri_card_holder_ind, cust_fico_credit_score) VALUES (18, 'Emile', 'Jairo', 'White', '133 Bergnaum Square', 'Apt. 328', 'Hansenville', 'AP', 'USA', '96003-5867', '(303)654-3323', '(520)186-2176', 385849271, '00000000000088341821', '1987-03-25', '0086459831', 'Y', 340);
INSERT INTO customer (cust_id, cust_first_name, cust_middle_name, cust_last_name, cust_addr_line_1, cust_addr_line_2, cust_addr_line_3, cust_addr_state_cd, cust_addr_country_cd, cust_addr_zip, cust_phone_num_1, cust_phone_num_2, cust_ssn, cust_govt_issued_id, cust_dob, cust_eft_account_id, cust_pri_card_holder_ind, cust_fico_credit_score) VALUES (19, 'Hadley', 'Sigrid', 'Hamill', '6273 Ondricka Meadows', 'Apt. 130', 'New Arturoshire', 'RI', 'USA', '48161', '(817)452-4986', '(724)901-6019', 439569907, '00000000000270176387', '1991-01-07', '0036492057', 'Y', 259);
INSERT INTO customer (cust_id, cust_first_name, cust_middle_name, cust_last_name, cust_addr_line_1, cust_addr_line_2, cust_addr_line_3, cust_addr_state_cd, cust_addr_country_cd, cust_addr_zip, cust_phone_num_1, cust_phone_num_2, cust_ssn, cust_govt_issued_id, cust_dob, cust_eft_account_id, cust_pri_card_holder_ind, cust_fico_credit_score) VALUES (20, 'Carter', 'Oren', 'Veum', '5845 Allison Valleys', 'Suite 934', 'Mitchellmouth', 'MH', 'USA', '72362', '(618)994-0531', '(571)695-4136', 717778238, '00000000000342661293', '1996-04-14', '0036749754', 'Y', 493);
INSERT INTO customer (cust_id, cust_first_name, cust_middle_name, cust_last_name, cust_addr_line_1, cust_addr_line_2, cust_addr_line_3, cust_addr_state_cd, cust_addr_country_cd, cust_addr_zip, cust_phone_num_1, cust_phone_num_2, cust_ssn, cust_govt_issued_id, cust_dob, cust_eft_account_id, cust_pri_card_holder_ind, cust_fico_credit_score) VALUES (21, 'Jerrold', 'Adolphus', 'Maggio', '401 Haylie Crest', 'Apt. 320', 'North Myrnaton', 'CA', 'USA', '72407', '(399)526-3254', '(326)193-1118', 336490822, '00000000000027656260', '1977-11-15', '0011744660', 'Y', 163);
INSERT INTO customer (cust_id, cust_first_name, cust_middle_name, cust_last_name, cust_addr_line_1, cust_addr_line_2, cust_addr_line_3, cust_addr_state_cd, cust_addr_country_cd, cust_addr_zip, cust_phone_num_1, cust_phone_num_2, cust_ssn, cust_govt_issued_id, cust_dob, cust_eft_account_id, cust_pri_card_holder_ind, cust_fico_credit_score) VALUES (22, 'Allene', 'Icie', 'Brown', '4467 Donnie Crossroad', 'Apt. 437', 'Anabelton', 'MD', 'USA', '01993-9116', '(231)251-5792', '(494)652-0009', 292059024, '00000000000691159853', '1994-02-20', '0024791470', 'Y', 597);
INSERT INTO customer (cust_id, cust_first_name, cust_middle_name, cust_last_name, cust_addr_line_1, cust_addr_line_2, cust_addr_line_3, cust_addr_state_cd, cust_addr_country_cd, cust_addr_zip, cust_phone_num_1, cust_phone_num_2, cust_ssn, cust_govt_issued_id, cust_dob, cust_eft_account_id, cust_pri_card_holder_ind, cust_fico_credit_score) VALUES (23, 'Johnson', 'Blanca', 'Ruecker', '2433 Jacobi Forks', 'Apt. 845', 'Hendersonbury', 'KS', 'USA', '78239-9466', '(981)873-1589', '(131)638-5974', 944154289, '00000000000268967122', '1998-12-07', '0075158529', 'Y', 337);
INSERT INTO customer (cust_id, cust_first_name, cust_middle_name, cust_last_name, cust_addr_line_1, cust_addr_line_2, cust_addr_line_3, cust_addr_state_cd, cust_addr_country_cd, cust_addr_zip, cust_phone_num_1, cust_phone_num_2, cust_ssn, cust_govt_issued_id, cust_dob, cust_eft_account_id, cust_pri_card_holder_ind, cust_fico_credit_score) VALUES (24, 'Stefanie', 'Verla', 'Dickinson', '6367 Stracke River', 'Apt. 444', 'East Otho', 'KS', 'USA', '15414', '(617)348-9142', '(330)116-5634', 17590544, '00000000000439244633', '1996-01-24', '0005459662', 'Y', 711);
INSERT INTO customer (cust_id, cust_first_name, cust_middle_name, cust_last_name, cust_addr_line_1, cust_addr_line_2, cust_addr_line_3, cust_addr_state_cd, cust_addr_country_cd, cust_addr_zip, cust_phone_num_1, cust_phone_num_2, cust_ssn, cust_govt_issued_id, cust_dob, cust_eft_account_id, cust_pri_card_holder_ind, cust_fico_credit_score) VALUES (25, 'Elliott', 'Fermin', 'Howell', '9524 McKenzie Lakes', 'Suite 245', 'West Alexa', 'NH', 'USA', '75721-7382', '(092)336-8599', '(311)969-1460', 788820436, '00000000000548223048', '1989-03-27', '0032297533', 'Y', 355);
INSERT INTO customer (cust_id, cust_first_name, cust_middle_name, cust_last_name, cust_addr_line_1, cust_addr_line_2, cust_addr_line_3, cust_addr_state_cd, cust_addr_country_cd, cust_addr_zip, cust_phone_num_1, cust_phone_num_2, cust_ssn, cust_govt_issued_id, cust_dob, cust_eft_account_id, cust_pri_card_holder_ind, cust_fico_credit_score) VALUES (26, 'Marjory', 'Damien', 'Stracke', '30161 Bogan Canyon', 'Suite 916', 'Walshberg', 'IL', 'USA', '59945', '(584)772-2867', '(819)733-9809', 840478806, '00000000000947411626', '1990-03-17', '0060808858', 'Y', 1);
INSERT INTO customer (cust_id, cust_first_name, cust_middle_name, cust_last_name, cust_addr_line_1, cust_addr_line_2, cust_addr_line_3, cust_addr_state_cd, cust_addr_country_cd, cust_addr_zip, cust_phone_num_1, cust_phone_num_2, cust_ssn, cust_govt_issued_id, cust_dob, cust_eft_account_id, cust_pri_card_holder_ind, cust_fico_credit_score) VALUES (27, 'Ward', 'Henri', 'Jones', '210 Amaya Turnpike', 'Suite 180', 'Port Dwight', 'GU', 'USA', '07923-8822', '(935)027-1145', '(103)537-5007', 980161210, '00000000000881558757', '1986-11-08', '0050024139', 'Y', 78);
INSERT INTO customer (cust_id, cust_first_name, cust_middle_name, cust_last_name, cust_addr_line_1, cust_addr_line_2, cust_addr_line_3, cust_addr_state_cd, cust_addr_country_cd, cust_addr_zip, cust_phone_num_1, cust_phone_num_2, cust_ssn, cust_govt_issued_id, cust_dob, cust_eft_account_id, cust_pri_card_holder_ind, cust_fico_credit_score) VALUES (28, 'Hester', 'Vesta', 'Hane', '06816 Ursula Meadows', 'Suite 605', 'South Aurore', 'AS', 'USA', '77442-7954', '(122)357-7257', '(050)352-6579', 677986013, '00000000000514187796', '1991-06-05', '0026946180', 'Y', 114);
INSERT INTO customer (cust_id, cust_first_name, cust_middle_name, cust_last_name, cust_addr_line_1, cust_addr_line_2, cust_addr_line_3, cust_addr_state_cd, cust_addr_country_cd, cust_addr_zip, cust_phone_num_1, cust_phone_num_2, cust_ssn, cust_govt_issued_id, cust_dob, cust_eft_account_id, cust_pri_card_holder_ind, cust_fico_credit_score) VALUES (29, 'Rickie', 'Otho', 'Daugherty', '676 Funk Curve', 'Apt. 375', 'Hayesstad', 'NH', 'USA', '01226', '(418)291-9023', '(795)634-7776', 15027332, '00000000000062745655', '1973-04-05', '0067736493', 'Y', 552);
INSERT INTO customer (cust_id, cust_first_name, cust_middle_name, cust_last_name, cust_addr_line_1, cust_addr_line_2, cust_addr_line_3, cust_addr_state_cd, cust_addr_country_cd, cust_addr_zip, cust_phone_num_1, cust_phone_num_2, cust_ssn, cust_govt_issued_id, cust_dob, cust_eft_account_id, cust_pri_card_holder_ind, cust_fico_credit_score) VALUES (30, 'Layla', 'Dannie', 'Ullrich', '269 Eleazar Circle', 'Apt. 817', 'Kutchland', 'AK', 'USA', '64266', '(330)408-6966', '(413)347-7306', 866102152, '00000000000492021686', '1965-11-28', '0050520060', 'Y', 133);
INSERT INTO customer (cust_id, cust_first_name, cust_middle_name, cust_last_name, cust_addr_line_1, cust_addr_line_2, cust_addr_line_3, cust_addr_state_cd, cust_addr_country_cd, cust_addr_zip, cust_phone_num_1, cust_phone_num_2, cust_ssn, cust_govt_issued_id, cust_dob, cust_eft_account_id, cust_pri_card_holder_ind, cust_fico_credit_score) VALUES (31, 'Lucious', 'Otto', 'O''Connell', '919 Swift Valleys', 'Suite 548', 'Hermanborough', 'MS', 'USA', '56133-5636', '(259)414-9625', '(118)946-9264', 357462348, '00000000000618310539', '1976-08-03', '0092999757', 'Y', 58);
INSERT INTO customer (cust_id, cust_first_name, cust_middle_name, cust_last_name, cust_addr_line_1, cust_addr_line_2, cust_addr_line_3, cust_addr_state_cd, cust_addr_country_cd, cust_addr_zip, cust_phone_num_1, cust_phone_num_2, cust_ssn, cust_govt_issued_id, cust_dob, cust_eft_account_id, cust_pri_card_holder_ind, cust_fico_credit_score) VALUES (32, 'Stephany', 'Meda', 'Fisher', '63452 Kenny Streets', 'Apt. 116', 'Predovicburgh', 'AK', 'USA', '85943-7605', '(202)436-5156', '(246)296-3533', 146204208, '00000000000206200341', '1980-11-19', '0035970593', 'Y', 221);
INSERT INTO customer (cust_id, cust_first_name, cust_middle_name, cust_last_name, cust_addr_line_1, cust_addr_line_2, cust_addr_line_3, cust_addr_state_cd, cust_addr_country_cd, cust_addr_zip, cust_phone_num_1, cust_phone_num_2, cust_ssn, cust_govt_issued_id, cust_dob, cust_eft_account_id, cust_pri_card_holder_ind, cust_fico_credit_score) VALUES (33, 'Bernice', 'Norbert', 'Herman', '877 Kassandra Ranch', 'Suite 956', 'Haleyport', 'AR', 'USA', '19113-4329', '(836)743-5487', '(640)208-1176', 144195105, '00000000000400605429', '1988-05-19', '0065245171', 'Y', 469);
INSERT INTO customer (cust_id, cust_first_name, cust_middle_name, cust_last_name, cust_addr_line_1, cust_addr_line_2, cust_addr_line_3, cust_addr_state_cd, cust_addr_country_cd, cust_addr_zip, cust_phone_num_1, cust_phone_num_2, cust_ssn, cust_govt_issued_id, cust_dob, cust_eft_account_id, cust_pri_card_holder_ind, cust_fico_credit_score) VALUES (34, 'Faustino', 'Jess', 'Schmidt', '44132 Michel Square', 'Suite 007', 'South Margarettaburgh', 'ME', 'USA', '49544-2869', '(179)036-5135', '(986)905-0112', 548088300, '00000000000159882533', '1994-03-21', '0067445089', 'Y', 104);
INSERT INTO customer (cust_id, cust_first_name, cust_middle_name, cust_last_name, cust_addr_line_1, cust_addr_line_2, cust_addr_line_3, cust_addr_state_cd, cust_addr_country_cd, cust_addr_zip, cust_phone_num_1, cust_phone_num_2, cust_ssn, cust_govt_issued_id, cust_dob, cust_eft_account_id, cust_pri_card_holder_ind, cust_fico_credit_score) VALUES (35, 'Angelica', 'Damaris', 'Dach', '396 Pearl Loop', 'Suite 383', 'Pfefferhaven', 'LA', 'USA', '46142', '(303)480-9098', '(637)710-7367', 220547115, '00000000000977144839', '1987-06-23', '0047435332', 'Y', 793);
INSERT INTO customer (cust_id, cust_first_name, cust_middle_name, cust_last_name, cust_addr_line_1, cust_addr_line_2, cust_addr_line_3, cust_addr_state_cd, cust_addr_country_cd, cust_addr_zip, cust_phone_num_1, cust_phone_num_2, cust_ssn, cust_govt_issued_id, cust_dob, cust_eft_account_id, cust_pri_card_holder_ind, cust_fico_credit_score) VALUES (36, 'Toney', 'Emerald', 'Gerhold', '35943 Raleigh Harbor', 'Apt. 116', 'Lake Derekburgh', 'AL', 'USA', '10932-0480', '(034)271-9180', '(507)529-4523', 420360688, '00000000000942029210', '1991-03-31', '0066461979', 'Y', 266);
INSERT INTO customer (cust_id, cust_first_name, cust_middle_name, cust_last_name, cust_addr_line_1, cust_addr_line_2, cust_addr_line_3, cust_addr_state_cd, cust_addr_country_cd, cust_addr_zip, cust_phone_num_1, cust_phone_num_2, cust_ssn, cust_govt_issued_id, cust_dob, cust_eft_account_id, cust_pri_card_holder_ind, cust_fico_credit_score) VALUES (37, 'Shany', 'Darby', 'Walker', '91196 Heaney Turnpike', 'Suite 814', 'Lubowitzberg', 'NV', 'USA', '11857-8177', '(052)759-5167', '(706)896-1282', 891897974, '00000000000524312632', '1984-12-09', '0066111704', 'Y', 653);
INSERT INTO customer (cust_id, cust_first_name, cust_middle_name, cust_last_name, cust_addr_line_1, cust_addr_line_2, cust_addr_line_3, cust_addr_state_cd, cust_addr_country_cd, cust_addr_zip, cust_phone_num_1, cust_phone_num_2, cust_ssn, cust_govt_issued_id, cust_dob, cust_eft_account_id, cust_pri_card_holder_ind, cust_fico_credit_score) VALUES (38, 'Angela', 'Ceasar', 'Ankunding', '65482 Zoila Skyway', 'Apt. 054', 'East Malachi', 'VA', 'USA', '63928-0008', '(316)640-2650', '(148)111-1148', 764307306, '00000000000335562141', '1990-05-28', '0018048939', 'Y', 446);
INSERT INTO customer (cust_id, cust_first_name, cust_middle_name, cust_last_name, cust_addr_line_1, cust_addr_line_2, cust_addr_line_3, cust_addr_state_cd, cust_addr_country_cd, cust_addr_zip, cust_phone_num_1, cust_phone_num_2, cust_ssn, cust_govt_issued_id, cust_dob, cust_eft_account_id, cust_pri_card_holder_ind, cust_fico_credit_score) VALUES (39, 'Aliyah', 'Horace', 'Berge', '5761 Pasquale Trail', 'Apt. 616', 'New Sabryna', 'IA', 'USA', '74267', '(089)096-3287', '(768)959-4733', 510793388, '00000000000553254403', '1972-08-26', '0061869530', 'Y', 475);
INSERT INTO customer (cust_id, cust_first_name, cust_middle_name, cust_last_name, cust_addr_line_1, cust_addr_line_2, cust_addr_line_3, cust_addr_state_cd, cust_addr_country_cd, cust_addr_zip, cust_phone_num_1, cust_phone_num_2, cust_ssn, cust_govt_issued_id, cust_dob, cust_eft_account_id, cust_pri_card_holder_ind, cust_fico_credit_score) VALUES (40, 'Davon', 'Demond', 'Emmerich', '23499 Beer Views', 'Suite 816', 'Erniechester', 'TX', 'USA', '87156-8689', '(463)762-3017', '(419)414-2177', 54960660, '00000000000398353299', '1992-01-26', '0087069976', 'Y', 284);
INSERT INTO customer (cust_id, cust_first_name, cust_middle_name, cust_last_name, cust_addr_line_1, cust_addr_line_2, cust_addr_line_3, cust_addr_state_cd, cust_addr_country_cd, cust_addr_zip, cust_phone_num_1, cust_phone_num_2, cust_ssn, cust_govt_issued_id, cust_dob, cust_eft_account_id, cust_pri_card_holder_ind, cust_fico_credit_score) VALUES (41, 'Lucinda', 'Kiana', 'Dach', '3220 Yolanda Corner', 'Suite 649', 'East Harmonystad', 'VT', 'USA', '72971-7481', '(284)052-5831', '(091)234-2144', 643942675, '00000000000919653442', '1967-02-20', '0007315287', 'Y', 725);
INSERT INTO customer (cust_id, cust_first_name, cust_middle_name, cust_last_name, cust_addr_line_1, cust_addr_line_2, cust_addr_line_3, cust_addr_state_cd, cust_addr_country_cd, cust_addr_zip, cust_phone_num_1, cust_phone_num_2, cust_ssn, cust_govt_issued_id, cust_dob, cust_eft_account_id, cust_pri_card_holder_ind, cust_fico_credit_score) VALUES (42, 'Heather', 'Ericka', 'Nienow', '5523 Archibald Club', 'Apt. 358', 'Reillyland', 'FM', 'USA', '83589', '(640)954-4538', '(565)873-6897', 800455633, '00000000000997029966', '1964-11-03', '0079262985', 'Y', 44);
INSERT INTO customer (cust_id, cust_first_name, cust_middle_name, cust_last_name, cust_addr_line_1, cust_addr_line_2, cust_addr_line_3, cust_addr_state_cd, cust_addr_country_cd, cust_addr_zip, cust_phone_num_1, cust_phone_num_2, cust_ssn, cust_govt_issued_id, cust_dob, cust_eft_account_id, cust_pri_card_holder_ind, cust_fico_credit_score) VALUES (43, 'Britney', 'Jermain', 'Waters', '97765 Bernhard Fort', 'Apt. 666', 'South Marisaview', 'OK', 'USA', '10050-7980', '(407)042-6952', '(438)659-6397', 262568593, '00000000000244555805', '1966-10-16', '0053043599', 'Y', 558);
INSERT INTO customer (cust_id, cust_first_name, cust_middle_name, cust_last_name, cust_addr_line_1, cust_addr_line_2, cust_addr_line_3, cust_addr_state_cd, cust_addr_country_cd, cust_addr_zip, cust_phone_num_1, cust_phone_num_2, cust_ssn, cust_govt_issued_id, cust_dob, cust_eft_account_id, cust_pri_card_holder_ind, cust_fico_credit_score) VALUES (44, 'Irving', 'Kiera', 'Emard', '978 Fatima Stream', 'Apt. 110', 'Lake King', 'ID', 'USA', '05704-0501', '(703)484-5840', '(537)392-5569', 318104527, '00000000000934420974', '1984-04-04', '0032076778', 'Y', 145);
INSERT INTO customer (cust_id, cust_first_name, cust_middle_name, cust_last_name, cust_addr_line_1, cust_addr_line_2, cust_addr_line_3, cust_addr_state_cd, cust_addr_country_cd, cust_addr_zip, cust_phone_num_1, cust_phone_num_2, cust_ssn, cust_govt_issued_id, cust_dob, cust_eft_account_id, cust_pri_card_holder_ind, cust_fico_credit_score) VALUES (45, 'Dixie', 'Norris', 'Beier', '441 Levi Prairie', 'Suite 749', 'Abbottshire', 'NV', 'USA', '09048', '(697)143-3221', '(499)287-7255', 352819961, '00000000000885743286', '2001-12-12', '0027833000', 'Y', 629);
INSERT INTO customer (cust_id, cust_first_name, cust_middle_name, cust_last_name, cust_addr_line_1, cust_addr_line_2, cust_addr_line_3, cust_addr_state_cd, cust_addr_country_cd, cust_addr_zip, cust_phone_num_1, cust_phone_num_2, cust_ssn, cust_govt_issued_id, cust_dob, cust_eft_account_id, cust_pri_card_holder_ind, cust_fico_credit_score) VALUES (46, 'Cindy', 'Kira', 'Cremin', '494 Lang Avenue', 'Apt. 937', 'Alexandroview', 'PW', 'USA', '63082-4520', '(358)349-2574', '(077)525-9966', 656405528, '00000000000762699577', '1987-12-14', '0017535749', 'Y', 514);
INSERT INTO customer (cust_id, cust_first_name, cust_middle_name, cust_last_name, cust_addr_line_1, cust_addr_line_2, cust_addr_line_3, cust_addr_state_cd, cust_addr_country_cd, cust_addr_zip, cust_phone_num_1, cust_phone_num_2, cust_ssn, cust_govt_issued_id, cust_dob, cust_eft_account_id, cust_pri_card_holder_ind, cust_fico_credit_score) VALUES (47, 'Rigoberto', 'Savanna', 'Hoeger', '00097 Gleichner Spur', 'Apt. 932', 'Port Aidanborough', 'GU', 'USA', '31329-6973', '(946)322-6160', '(973)443-8438', 29222192, '00000000000567601472', '1979-02-25', '0022102472', 'Y', 722);
INSERT INTO customer (cust_id, cust_first_name, cust_middle_name, cust_last_name, cust_addr_line_1, cust_addr_line_2, cust_addr_line_3, cust_addr_state_cd, cust_addr_country_cd, cust_addr_zip, cust_phone_num_1, cust_phone_num_2, cust_ssn, cust_govt_issued_id, cust_dob, cust_eft_account_id, cust_pri_card_holder_ind, cust_fico_credit_score) VALUES (48, 'Lyric', 'Mackenzie', 'Pacocha', '453 Rosina Mountain', 'Apt. 011', 'Albertville', 'OR', 'USA', '83985-4937', '(950)497-1005', '(004)244-7955', 635734407, '00000000000265392832', '1986-08-17', '0046317382', 'Y', 746);
INSERT INTO customer (cust_id, cust_first_name, cust_middle_name, cust_last_name, cust_addr_line_1, cust_addr_line_2, cust_addr_line_3, cust_addr_state_cd, cust_addr_country_cd, cust_addr_zip, cust_phone_num_1, cust_phone_num_2, cust_ssn, cust_govt_issued_id, cust_dob, cust_eft_account_id, cust_pri_card_holder_ind, cust_fico_credit_score) VALUES (49, 'Immanuel', 'Ellie', 'Bednar', '5423 Esther Locks', 'Apt. 142', 'Langoshstad', 'GA', 'USA', '12288-3495', '(843)095-2553', '(615)988-9038', 813044111, '00000000000424495981', '2000-01-05', '0058726120', 'Y', 148);
INSERT INTO customer (cust_id, cust_first_name, cust_middle_name, cust_last_name, cust_addr_line_1, cust_addr_line_2, cust_addr_line_3, cust_addr_state_cd, cust_addr_country_cd, cust_addr_zip, cust_phone_num_1, cust_phone_num_2, cust_ssn, cust_govt_issued_id, cust_dob, cust_eft_account_id, cust_pri_card_holder_ind, cust_fico_credit_score) VALUES (50, 'Aniya', 'Alba', 'Von', '1588 Nienow Cape', 'Suite 187', 'New Aricchester', 'OR', 'USA', '04257', '(325)301-0827', '(493)985-9283', 931248469, '00000000000030387824', '1960-12-01', '0074883577', 'Y', 623);

-- Account data (acctdata.txt / CVACT01Y)
INSERT INTO account (acct_id, acct_active_status, acct_curr_bal, acct_credit_limit, acct_cash_credit_limit, acct_open_date, acct_expiration_date, acct_reissue_date, acct_curr_cyc_credit, acct_curr_cyc_debit, acct_addr_zip, acct_group_id) VALUES (1, 'Y', 19400, 202000, 102000, '2014-11-20', '2025-05-20', '2025-05-20', 0, 0, 'A000000000', '');
INSERT INTO account (acct_id, acct_active_status, acct_curr_bal, acct_credit_limit, acct_cash_credit_limit, acct_open_date, acct_expiration_date, acct_reissue_date, acct_curr_cyc_credit, acct_curr_cyc_debit, acct_addr_zip, acct_group_id) VALUES (2, 'Y', 15800, 613000, 544800, '2013-06-19', '2024-08-11', '2024-08-11', 0, 0, 'A000000000', '');
INSERT INTO account (acct_id, acct_active_status, acct_curr_bal, acct_credit_limit, acct_cash_credit_limit, acct_open_date, acct_expiration_date, acct_reissue_date, acct_curr_cyc_credit, acct_curr_cyc_debit, acct_addr_zip, acct_group_id) VALUES (3, 'Y', 14700, 490900, 53800, '2013-08-23', '2024-01-10', '2024-01-10', 0, 0, 'A000000000', '');
INSERT INTO account (acct_id, acct_active_status, acct_curr_bal, acct_credit_limit, acct_cash_credit_limit, acct_open_date, acct_expiration_date, acct_reissue_date, acct_curr_cyc_credit, acct_curr_cyc_debit, acct_addr_zip, acct_group_id) VALUES (4, 'Y', 4000, 350300, 278900, '2012-11-17', '2023-12-16', '2023-12-16', 0, 0, 'A000000000', '');
INSERT INTO account (acct_id, acct_active_status, acct_curr_bal, acct_credit_limit, acct_cash_credit_limit, acct_open_date, acct_expiration_date, acct_reissue_date, acct_curr_cyc_credit, acct_curr_cyc_debit, acct_addr_zip, acct_group_id) VALUES (5, 'Y', 34500, 381900, 243000, '2012-10-03', '2025-03-09', '2025-03-09', 0, 0, 'A000000000', '');
INSERT INTO account (acct_id, acct_active_status, acct_curr_bal, acct_credit_limit, acct_cash_credit_limit, acct_open_date, acct_expiration_date, acct_reissue_date, acct_curr_cyc_credit, acct_curr_cyc_debit, acct_addr_zip, acct_group_id) VALUES (6, 'Y', 21800, 358400, 294800, '2017-12-23', '2025-10-08', '2025-10-08', 0, 0, 'A000000000', '');
INSERT INTO account (acct_id, acct_active_status, acct_curr_bal, acct_credit_limit, acct_cash_credit_limit, acct_open_date, acct_expiration_date, acct_reissue_date, acct_curr_cyc_credit, acct_curr_cyc_debit, acct_addr_zip, acct_group_id) VALUES (7, 'Y', 19300, 206500, 26400, '2012-10-12', '2024-12-13', '2024-12-13', 0, 0, 'A000000000', '');
INSERT INTO account (acct_id, acct_active_status, acct_curr_bal, acct_credit_limit, acct_cash_credit_limit, acct_open_date, acct_expiration_date, acct_reissue_date, acct_curr_cyc_credit, acct_curr_cyc_debit, acct_addr_zip, acct_group_id) VALUES (8, 'Y', 60500, 610400, 131800, '2012-01-04', '2024-05-20', '2024-05-20', 0, 0, 'A000000000', '');
INSERT INTO account (acct_id, acct_active_status, acct_curr_bal, acct_credit_limit, acct_cash_credit_limit, acct_open_date, acct_expiration_date, acct_reissue_date, acct_curr_cyc_credit, acct_curr_cyc_debit, acct_addr_zip, acct_group_id) VALUES (9, 'Y', 56000, 820100, 206500, '2016-08-27', '2024-12-27', '2024-12-27', 0, 0, 'A000000000', '');
INSERT INTO account (acct_id, acct_active_status, acct_curr_bal, acct_credit_limit, acct_cash_credit_limit, acct_open_date, acct_expiration_date, acct_reissue_date, acct_curr_cyc_credit, acct_curr_cyc_debit, acct_addr_zip, acct_group_id) VALUES (10, 'Y', 15900, 540100, 444200, '2015-09-13', '2023-01-27', '2023-01-27', 0, 0, 'A000000000', '');
INSERT INTO account (acct_id, acct_active_status, acct_curr_bal, acct_credit_limit, acct_cash_credit_limit, acct_open_date, acct_expiration_date, acct_reissue_date, acct_curr_cyc_credit, acct_curr_cyc_debit, acct_addr_zip, acct_group_id) VALUES (11, 'Y', 21200, 499800, 317500, '2014-09-12', '2025-03-12', '2025-03-12', 0, 0, 'A000000000', '');
INSERT INTO account (acct_id, acct_active_status, acct_curr_bal, acct_credit_limit, acct_cash_credit_limit, acct_open_date, acct_expiration_date, acct_reissue_date, acct_curr_cyc_credit, acct_curr_cyc_debit, acct_addr_zip, acct_group_id) VALUES (12, 'Y', 17600, 463600, 38800, '2009-06-17', '2023-07-07', '2023-07-07', 0, 0, 'A000000000', '');
INSERT INTO account (acct_id, acct_active_status, acct_curr_bal, acct_credit_limit, acct_cash_credit_limit, acct_open_date, acct_expiration_date, acct_reissue_date, acct_curr_cyc_credit, acct_curr_cyc_debit, acct_addr_zip, acct_group_id) VALUES (13, 'Y', 4100, 754200, 492200, '2017-10-01', '2024-08-04', '2024-08-04', 0, 0, 'A000000000', '');
INSERT INTO account (acct_id, acct_active_status, acct_curr_bal, acct_credit_limit, acct_cash_credit_limit, acct_open_date, acct_expiration_date, acct_reissue_date, acct_curr_cyc_credit, acct_curr_cyc_debit, acct_addr_zip, acct_group_id) VALUES (14, 'Y', 1500, 225400, 21200, '2010-12-04', '2025-12-11', '2025-12-11', 0, 0, 'A000000000', '');
INSERT INTO account (acct_id, acct_active_status, acct_curr_bal, acct_credit_limit, acct_cash_credit_limit, acct_open_date, acct_expiration_date, acct_reissue_date, acct_curr_cyc_credit, acct_curr_cyc_debit, acct_addr_zip, acct_group_id) VALUES (15, 'Y', 48900, 844100, 383300, '2009-10-06', '2025-06-09', '2025-06-09', 0, 0, 'A000000000', '');
INSERT INTO account (acct_id, acct_active_status, acct_curr_bal, acct_credit_limit, acct_cash_credit_limit, acct_open_date, acct_expiration_date, acct_reissue_date, acct_curr_cyc_credit, acct_curr_cyc_debit, acct_addr_zip, acct_group_id) VALUES (16, 'Y', 73300, 892200, 263200, '2014-09-11', '2024-01-25', '2024-01-25', 0, 0, 'A000000000', '');
INSERT INTO account (acct_id, acct_active_status, acct_curr_bal, acct_credit_limit, acct_cash_credit_limit, acct_open_date, acct_expiration_date, acct_reissue_date, acct_curr_cyc_credit, acct_curr_cyc_debit, acct_addr_zip, acct_group_id) VALUES (17, 'Y', 3300, 56800, 51000, '2014-05-17', '2025-03-01', '2025-03-01', 0, 0, 'A000000000', '');
INSERT INTO account (acct_id, acct_active_status, acct_curr_bal, acct_credit_limit, acct_cash_credit_limit, acct_open_date, acct_expiration_date, acct_reissue_date, acct_curr_cyc_credit, acct_curr_cyc_debit, acct_addr_zip, acct_group_id) VALUES (18, 'Y', 14400, 290300, 149600, '2018-11-15', '2023-09-10', '2023-09-10', 0, 0, 'A000000000', '');
INSERT INTO account (acct_id, acct_active_status, acct_curr_bal, acct_credit_limit, acct_cash_credit_limit, acct_open_date, acct_expiration_date, acct_reissue_date, acct_curr_cyc_credit, acct_curr_cyc_debit, acct_addr_zip, acct_group_id) VALUES (19, 'Y', 48000, 698600, 372300, '2011-12-14', '2025-07-23', '2025-07-23', 0, 0, 'A000000000', '');
INSERT INTO account (acct_id, acct_active_status, acct_curr_bal, acct_credit_limit, acct_cash_credit_limit, acct_open_date, acct_expiration_date, acct_reissue_date, acct_curr_cyc_credit, acct_curr_cyc_debit, acct_addr_zip, acct_group_id) VALUES (20, 'Y', 36900, 376700, 104000, '2014-02-27', '2024-03-13', '2024-03-13', 0, 0, 'A000000000', '');
INSERT INTO account (acct_id, acct_active_status, acct_curr_bal, acct_credit_limit, acct_cash_credit_limit, acct_open_date, acct_expiration_date, acct_reissue_date, acct_curr_cyc_credit, acct_curr_cyc_debit, acct_addr_zip, acct_group_id) VALUES (21, 'Y', 11200, 126400, 18000, '2011-10-19', '2023-01-06', '2023-01-06', 0, 0, 'A000000000', '');
INSERT INTO account (acct_id, acct_active_status, acct_curr_bal, acct_credit_limit, acct_cash_credit_limit, acct_open_date, acct_expiration_date, acct_reissue_date, acct_curr_cyc_credit, acct_curr_cyc_debit, acct_addr_zip, acct_group_id) VALUES (22, 'Y', 5500, 859900, 471200, '2016-11-21', '2025-12-28', '2025-12-28', 0, 0, 'A000000000', '');
INSERT INTO account (acct_id, acct_active_status, acct_curr_bal, acct_credit_limit, acct_cash_credit_limit, acct_open_date, acct_expiration_date, acct_reissue_date, acct_curr_cyc_credit, acct_curr_cyc_debit, acct_addr_zip, acct_group_id) VALUES (23, 'Y', 10400, 337700, 290400, '2012-03-15', '2025-03-18', '2025-03-18', 0, 0, 'A000000000', '');
INSERT INTO account (acct_id, acct_active_status, acct_curr_bal, acct_credit_limit, acct_cash_credit_limit, acct_open_date, acct_expiration_date, acct_reissue_date, acct_curr_cyc_credit, acct_curr_cyc_debit, acct_addr_zip, acct_group_id) VALUES (24, 'Y', 40000, 517400, 412900, '2015-08-08', '2025-02-11', '2025-02-11', 0, 0, 'A000000000', '');
INSERT INTO account (acct_id, acct_active_status, acct_curr_bal, acct_credit_limit, acct_cash_credit_limit, acct_open_date, acct_expiration_date, acct_reissue_date, acct_curr_cyc_credit, acct_curr_cyc_debit, acct_addr_zip, acct_group_id) VALUES (25, 'Y', 6100, 819400, 658200, '2012-10-26', '2025-07-10', '2025-07-10', 0, 0, 'A000000000', '');
INSERT INTO account (acct_id, acct_active_status, acct_curr_bal, acct_credit_limit, acct_cash_credit_limit, acct_open_date, acct_expiration_date, acct_reissue_date, acct_curr_cyc_credit, acct_curr_cyc_debit, acct_addr_zip, acct_group_id) VALUES (26, 'Y', 4600, 218100, 137500, '2009-04-20', '2024-12-19', '2024-12-19', 0, 0, 'A000000000', '');
INSERT INTO account (acct_id, acct_active_status, acct_curr_bal, acct_credit_limit, acct_cash_credit_limit, acct_open_date, acct_expiration_date, acct_reissue_date, acct_curr_cyc_credit, acct_curr_cyc_debit, acct_addr_zip, acct_group_id) VALUES (27, 'Y', 28400, 557200, 207500, '2012-09-30', '2025-07-13', '2025-07-13', 0, 0, 'A000000000', '');
INSERT INTO account (acct_id, acct_active_status, acct_curr_bal, acct_credit_limit, acct_cash_credit_limit, acct_open_date, acct_expiration_date, acct_reissue_date, acct_curr_cyc_credit, acct_curr_cyc_debit, acct_addr_zip, acct_group_id) VALUES (28, 'Y', 6800, 86800, 54700, '2015-05-20', '2024-05-09', '2024-05-09', 0, 0, 'A000000000', '');
INSERT INTO account (acct_id, acct_active_status, acct_curr_bal, acct_credit_limit, acct_cash_credit_limit, acct_open_date, acct_expiration_date, acct_reissue_date, acct_curr_cyc_credit, acct_curr_cyc_debit, acct_addr_zip, acct_group_id) VALUES (29, 'Y', 33900, 551100, 436100, '2015-11-03', '2024-06-04', '2024-06-04', 0, 0, 'A000000000', '');
INSERT INTO account (acct_id, acct_active_status, acct_curr_bal, acct_credit_limit, acct_cash_credit_limit, acct_open_date, acct_expiration_date, acct_reissue_date, acct_curr_cyc_credit, acct_curr_cyc_debit, acct_addr_zip, acct_group_id) VALUES (30, 'Y', 200, 12000, 9300, '2011-08-26', '2024-06-27', '2024-06-27', 0, 0, 'A000000000', '');
INSERT INTO account (acct_id, acct_active_status, acct_curr_bal, acct_credit_limit, acct_cash_credit_limit, acct_open_date, acct_expiration_date, acct_reissue_date, acct_curr_cyc_credit, acct_curr_cyc_debit, acct_addr_zip, acct_group_id) VALUES (31, 'Y', 3100, 114000, 107700, '2017-02-25', '2025-06-08', '2025-06-08', 0, 0, 'A000000000', '');
INSERT INTO account (acct_id, acct_active_status, acct_curr_bal, acct_credit_limit, acct_cash_credit_limit, acct_open_date, acct_expiration_date, acct_reissue_date, acct_curr_cyc_credit, acct_curr_cyc_debit, acct_addr_zip, acct_group_id) VALUES (32, 'Y', 3000, 117500, 84600, '2013-11-10', '2025-05-19', '2025-05-19', 0, 0, 'A000000000', '');
INSERT INTO account (acct_id, acct_active_status, acct_curr_bal, acct_credit_limit, acct_cash_credit_limit, acct_open_date, acct_expiration_date, acct_reissue_date, acct_curr_cyc_credit, acct_curr_cyc_debit, acct_addr_zip, acct_group_id) VALUES (33, 'Y', 41000, 640400, 95100, '2012-10-11', '2025-10-07', '2025-10-07', 0, 0, 'A000000000', '');
INSERT INTO account (acct_id, acct_active_status, acct_curr_bal, acct_credit_limit, acct_cash_credit_limit, acct_open_date, acct_expiration_date, acct_reissue_date, acct_curr_cyc_credit, acct_curr_cyc_debit, acct_addr_zip, acct_group_id) VALUES (34, 'Y', 25300, 364200, 277000, '2009-05-10', '2025-10-06', '2025-10-06', 0, 0, 'A000000000', '');
INSERT INTO account (acct_id, acct_active_status, acct_curr_bal, acct_credit_limit, acct_cash_credit_limit, acct_open_date, acct_expiration_date, acct_reissue_date, acct_curr_cyc_credit, acct_curr_cyc_debit, acct_addr_zip, acct_group_id) VALUES (35, 'Y', 16600, 194700, 152500, '2018-02-02', '2025-09-23', '2025-09-23', 0, 0, 'A000000000', '');
INSERT INTO account (acct_id, acct_active_status, acct_curr_bal, acct_credit_limit, acct_cash_credit_limit, acct_open_date, acct_expiration_date, acct_reissue_date, acct_curr_cyc_credit, acct_curr_cyc_debit, acct_addr_zip, acct_group_id) VALUES (36, 'Y', 11000, 332800, 83900, '2018-07-18', '2024-12-23', '2024-12-23', 0, 0, 'A000000000', '');
INSERT INTO account (acct_id, acct_active_status, acct_curr_bal, acct_credit_limit, acct_cash_credit_limit, acct_open_date, acct_expiration_date, acct_reissue_date, acct_curr_cyc_credit, acct_curr_cyc_debit, acct_addr_zip, acct_group_id) VALUES (37, 'Y', 700, 44600, 16600, '2016-09-10', '2023-10-24', '2023-10-24', 0, 0, 'A000000000', '');
INSERT INTO account (acct_id, acct_active_status, acct_curr_bal, acct_credit_limit, acct_cash_credit_limit, acct_open_date, acct_expiration_date, acct_reissue_date, acct_curr_cyc_credit, acct_curr_cyc_debit, acct_addr_zip, acct_group_id) VALUES (38, 'Y', 61200, 650500, 347600, '2010-08-12', '2023-07-23', '2023-07-23', 0, 0, 'A000000000', '');
INSERT INTO account (acct_id, acct_active_status, acct_curr_bal, acct_credit_limit, acct_cash_credit_limit, acct_open_date, acct_expiration_date, acct_reissue_date, acct_curr_cyc_credit, acct_curr_cyc_debit, acct_addr_zip, acct_group_id) VALUES (39, 'Y', 84300, 975000, 621200, '2018-08-26', '2025-09-08', '2025-09-08', 0, 0, 'A000000000', '');
INSERT INTO account (acct_id, acct_active_status, acct_curr_bal, acct_credit_limit, acct_cash_credit_limit, acct_open_date, acct_expiration_date, acct_reissue_date, acct_curr_cyc_credit, acct_curr_cyc_debit, acct_addr_zip, acct_group_id) VALUES (40, 'Y', 4300, 582300, 167400, '2010-02-13', '2023-10-27', '2023-10-27', 0, 0, 'A000000000', '');
INSERT INTO account (acct_id, acct_active_status, acct_curr_bal, acct_credit_limit, acct_cash_credit_limit, acct_open_date, acct_expiration_date, acct_reissue_date, acct_curr_cyc_credit, acct_curr_cyc_debit, acct_addr_zip, acct_group_id) VALUES (41, 'Y', 37500, 672100, 342900, '2015-02-07', '2023-04-24', '2023-04-24', 0, 0, 'A000000000', '');
INSERT INTO account (acct_id, acct_active_status, acct_curr_bal, acct_credit_limit, acct_cash_credit_limit, acct_open_date, acct_expiration_date, acct_reissue_date, acct_curr_cyc_credit, acct_curr_cyc_debit, acct_addr_zip, acct_group_id) VALUES (42, 'Y', 30200, 656300, 510300, '2016-09-19', '2025-09-19', '2025-09-19', 0, 0, 'A000000000', '');
INSERT INTO account (acct_id, acct_active_status, acct_curr_bal, acct_credit_limit, acct_cash_credit_limit, acct_open_date, acct_expiration_date, acct_reissue_date, acct_curr_cyc_credit, acct_curr_cyc_debit, acct_addr_zip, acct_group_id) VALUES (43, 'Y', 61000, 616800, 120600, '2012-04-09', '2025-08-29', '2025-08-29', 0, 0, 'A000000000', '');
INSERT INTO account (acct_id, acct_active_status, acct_curr_bal, acct_credit_limit, acct_cash_credit_limit, acct_open_date, acct_expiration_date, acct_reissue_date, acct_curr_cyc_credit, acct_curr_cyc_debit, acct_addr_zip, acct_group_id) VALUES (44, 'Y', 26300, 689900, 443200, '2018-12-01', '2024-01-17', '2024-01-17', 0, 0, 'A000000000', '');
INSERT INTO account (acct_id, acct_active_status, acct_curr_bal, acct_credit_limit, acct_cash_credit_limit, acct_open_date, acct_expiration_date, acct_reissue_date, acct_curr_cyc_credit, acct_curr_cyc_debit, acct_addr_zip, acct_group_id) VALUES (45, 'Y', 18600, 271900, 68800, '2010-12-31', '2025-07-09', '2025-07-09', 0, 0, 'A000000000', '');
INSERT INTO account (acct_id, acct_active_status, acct_curr_bal, acct_credit_limit, acct_cash_credit_limit, acct_open_date, acct_expiration_date, acct_reissue_date, acct_curr_cyc_credit, acct_curr_cyc_debit, acct_addr_zip, acct_group_id) VALUES (46, 'Y', 39600, 700700, 543800, '2013-09-06', '2025-06-20', '2025-06-20', 0, 0, 'A000000000', '');
INSERT INTO account (acct_id, acct_active_status, acct_curr_bal, acct_credit_limit, acct_cash_credit_limit, acct_open_date, acct_expiration_date, acct_reissue_date, acct_curr_cyc_credit, acct_curr_cyc_debit, acct_addr_zip, acct_group_id) VALUES (47, 'Y', 3200, 233800, 15900, '2014-04-03', '2025-08-23', '2025-08-23', 0, 0, 'A000000000', '');
INSERT INTO account (acct_id, acct_active_status, acct_curr_bal, acct_credit_limit, acct_cash_credit_limit, acct_open_date, acct_expiration_date, acct_reissue_date, acct_curr_cyc_credit, acct_curr_cyc_debit, acct_addr_zip, acct_group_id) VALUES (48, 'Y', 22600, 230600, 61200, '2017-03-18', '2025-02-06', '2025-02-06', 0, 0, 'A000000000', '');
INSERT INTO account (acct_id, acct_active_status, acct_curr_bal, acct_credit_limit, acct_cash_credit_limit, acct_open_date, acct_expiration_date, acct_reissue_date, acct_curr_cyc_credit, acct_curr_cyc_debit, acct_addr_zip, acct_group_id) VALUES (49, 'Y', 10000, 904800, 480700, '2019-04-06', '2023-09-17', '2023-09-17', 0, 0, 'A000000000', '');
INSERT INTO account (acct_id, acct_active_status, acct_curr_bal, acct_credit_limit, acct_cash_credit_limit, acct_open_date, acct_expiration_date, acct_reissue_date, acct_curr_cyc_credit, acct_curr_cyc_debit, acct_addr_zip, acct_group_id) VALUES (50, 'Y', 49200, 616900, 458700, '2011-04-22', '2023-03-09', '2023-03-09', 0, 0, 'A000000000', '');

-- Card data (carddata.txt / CVACT02Y)
INSERT INTO card (card_num, card_acct_id, card_cvv_cd, card_embossed_name, card_expiration_date, card_active_status) VALUES ('0500024453765740', 50, 747, 'Aniya Von', '2023-03-09', 'Y');
INSERT INTO card (card_num, card_acct_id, card_cvv_cd, card_embossed_name, card_expiration_date, card_active_status) VALUES ('0683586198171516', 27, 567, 'Ward Jones', '2025-07-13', 'Y');
INSERT INTO card (card_num, card_acct_id, card_cvv_cd, card_embossed_name, card_expiration_date, card_active_status) VALUES ('0923877193247330', 2, 28, 'Enrico Rosenbaum', '2024-08-11', 'Y');
INSERT INTO card (card_num, card_acct_id, card_cvv_cd, card_embossed_name, card_expiration_date, card_active_status) VALUES ('0927987108636232', 20, 3, 'Carter Veum', '2024-03-13', 'Y');
INSERT INTO card (card_num, card_acct_id, card_cvv_cd, card_embossed_name, card_expiration_date, card_active_status) VALUES ('0982496213629795', 12, 75, 'Maci Robel', '2023-07-07', 'Y');
INSERT INTO card (card_num, card_acct_id, card_cvv_cd, card_embossed_name, card_expiration_date, card_active_status) VALUES ('1014086565224350', 44, 640, 'Irving Emard', '2024-01-17', 'Y');
INSERT INTO card (card_num, card_acct_id, card_cvv_cd, card_embossed_name, card_expiration_date, card_active_status) VALUES ('1142167692878931', 37, 625, 'Shany Walker', '2023-10-24', 'Y');
INSERT INTO card (card_num, card_acct_id, card_cvv_cd, card_embossed_name, card_expiration_date, card_active_status) VALUES ('1561409106491600', 35, 31, 'Angelica Dach', '2025-09-23', 'Y');
INSERT INTO card (card_num, card_acct_id, card_cvv_cd, card_embossed_name, card_expiration_date, card_active_status) VALUES ('2745303720002090', 39, 33, 'Aliyah Berge', '2025-09-08', 'Y');
INSERT INTO card (card_num, card_acct_id, card_cvv_cd, card_embossed_name, card_expiration_date, card_active_status) VALUES ('2760836797107565', 24, 859, 'Stefanie Dickinson', '2025-02-11', 'Y');
INSERT INTO card (card_num, card_acct_id, card_cvv_cd, card_embossed_name, card_expiration_date, card_active_status) VALUES ('2871968252812490', 6, 775, 'Ignacio Douglas', '2025-10-08', 'Y');
INSERT INTO card (card_num, card_acct_id, card_cvv_cd, card_embossed_name, card_expiration_date, card_active_status) VALUES ('2940139362300449', 22, 876, 'Allene Brown', '2025-12-28', 'Y');
INSERT INTO card (card_num, card_acct_id, card_cvv_cd, card_embossed_name, card_expiration_date, card_active_status) VALUES ('2988091353094312', 4, 795, 'Delbert Parisian', '2023-12-16', 'Y');
INSERT INTO card (card_num, card_acct_id, card_cvv_cd, card_embossed_name, card_expiration_date, card_active_status) VALUES ('3260763612337560', 10, 342, 'Maybell Mann', '2023-01-27', 'Y');
INSERT INTO card (card_num, card_acct_id, card_cvv_cd, card_embossed_name, card_expiration_date, card_active_status) VALUES ('3766281984155154', 41, 622, 'Lucinda Dach', '2023-04-24', 'Y');
INSERT INTO card (card_num, card_acct_id, card_cvv_cd, card_embossed_name, card_expiration_date, card_active_status) VALUES ('3940246016141489', 19, 375, 'Hadley Hamill', '2025-07-23', 'Y');
INSERT INTO card (card_num, card_acct_id, card_cvv_cd, card_embossed_name, card_expiration_date, card_active_status) VALUES ('3999169246375885', 3, 317, 'Larry Homenick', '2024-01-10', 'Y');
INSERT INTO card (card_num, card_acct_id, card_cvv_cd, card_embossed_name, card_expiration_date, card_active_status) VALUES ('4011500891777367', 13, 390, 'Mariane Fadel', '2024-08-04', 'Y');
INSERT INTO card (card_num, card_acct_id, card_cvv_cd, card_embossed_name, card_expiration_date, card_active_status) VALUES ('4385271476627819', 34, 709, 'Faustino Schmidt', '2025-10-06', 'Y');
INSERT INTO card (card_num, card_acct_id, card_cvv_cd, card_embossed_name, card_expiration_date, card_active_status) VALUES ('4534784102713951', 36, 644, 'Toney Gerhold', '2024-12-23', 'Y');
INSERT INTO card (card_num, card_acct_id, card_cvv_cd, card_embossed_name, card_expiration_date, card_active_status) VALUES ('4859452612877065', 7, 321, 'Cooper Mayert', '2024-12-13', 'Y');
INSERT INTO card (card_num, card_acct_id, card_cvv_cd, card_embossed_name, card_expiration_date, card_active_status) VALUES ('5407099850479866', 21, 524, 'Jerrold Maggio', '2023-01-06', 'Y');
INSERT INTO card (card_num, card_acct_id, card_cvv_cd, card_embossed_name, card_expiration_date, card_active_status) VALUES ('5656830544981216', 46, 196, 'Cindy Cremin', '2025-06-20', 'Y');
INSERT INTO card (card_num, card_acct_id, card_cvv_cd, card_embossed_name, card_expiration_date, card_active_status) VALUES ('5671184478505844', 18, 137, 'Emile White', '2023-09-10', 'Y');
INSERT INTO card (card_num, card_acct_id, card_cvv_cd, card_embossed_name, card_expiration_date, card_active_status) VALUES ('5787351228879339', 47, 67, 'Rigoberto Hoeger', '2025-08-23', 'Y');
INSERT INTO card (card_num, card_acct_id, card_cvv_cd, card_embossed_name, card_expiration_date, card_active_status) VALUES ('5975117516616077', 42, 426, 'Heather Nienow', '2025-09-19', 'Y');
INSERT INTO card (card_num, card_acct_id, card_cvv_cd, card_embossed_name, card_expiration_date, card_active_status) VALUES ('6009619150674526', 5, 21, 'Treva Schowalter', '2025-03-09', 'Y');
INSERT INTO card (card_num, card_acct_id, card_cvv_cd, card_embossed_name, card_expiration_date, card_active_status) VALUES ('6349250331648509', 15, 735, 'Aubree Hermann', '2025-06-09', 'Y');
INSERT INTO card (card_num, card_acct_id, card_cvv_cd, card_embossed_name, card_expiration_date, card_active_status) VALUES ('6503535181795992', 48, 413, 'Lyric Pacocha', '2025-02-06', 'Y');
INSERT INTO card (card_num, card_acct_id, card_cvv_cd, card_embossed_name, card_expiration_date, card_active_status) VALUES ('6509230362553816', 30, 236, 'Layla Ullrich', '2024-06-27', 'Y');
INSERT INTO card (card_num, card_acct_id, card_cvv_cd, card_embossed_name, card_expiration_date, card_active_status) VALUES ('6723000463207764', 28, 486, 'Hester Hane', '2024-05-09', 'Y');
INSERT INTO card (card_num, card_acct_id, card_cvv_cd, card_embossed_name, card_expiration_date, card_active_status) VALUES ('6727055190616014', 16, 641, 'Carroll Bergstrom', '2024-01-25', 'Y');
INSERT INTO card (card_num, card_acct_id, card_cvv_cd, card_embossed_name, card_expiration_date, card_active_status) VALUES ('6832676047698087', 33, 983, 'Bernice Herman', '2025-10-07', 'Y');
INSERT INTO card (card_num, card_acct_id, card_cvv_cd, card_embossed_name, card_expiration_date, card_active_status) VALUES ('7026637615032277', 31, 920, 'Lucious O''Connell', '2025-06-08', 'Y');
INSERT INTO card (card_num, card_acct_id, card_cvv_cd, card_embossed_name, card_expiration_date, card_active_status) VALUES ('7058267261837752', 43, 401, 'Britney Waters', '2025-08-29', 'Y');
INSERT INTO card (card_num, card_acct_id, card_cvv_cd, card_embossed_name, card_expiration_date, card_active_status) VALUES ('7094142751055551', 32, 659, 'Stephany Fisher', '2025-05-19', 'Y');
INSERT INTO card (card_num, card_acct_id, card_cvv_cd, card_embossed_name, card_expiration_date, card_active_status) VALUES ('7251508149188883', 29, 717, 'Rickie Daugherty', '2024-06-04', 'Y');
INSERT INTO card (card_num, card_acct_id, card_cvv_cd, card_embossed_name, card_expiration_date, card_active_status) VALUES ('7379335634661142', 45, 134, 'Dixie Beier', '2025-07-09', 'Y');
INSERT INTO card (card_num, card_acct_id, card_cvv_cd, card_embossed_name, card_expiration_date, card_active_status) VALUES ('7427684863423209', 11, 892, 'Hayden Pfannerstill', '2025-03-12', 'Y');
INSERT INTO card (card_num, card_acct_id, card_cvv_cd, card_embossed_name, card_expiration_date, card_active_status) VALUES ('7443870988897530', 38, 708, 'Angela Ankunding', '2023-07-23', 'Y');
INSERT INTO card (card_num, card_acct_id, card_cvv_cd, card_embossed_name, card_expiration_date, card_active_status) VALUES ('8040580410348680', 26, 971, 'Marjory Stracke', '2024-12-19', 'Y');
INSERT INTO card (card_num, card_acct_id, card_cvv_cd, card_embossed_name, card_expiration_date, card_active_status) VALUES ('8112545834239735', 23, 440, 'Johnson Ruecker', '2025-03-18', 'Y');
INSERT INTO card (card_num, card_acct_id, card_cvv_cd, card_embossed_name, card_expiration_date, card_active_status) VALUES ('8262593602473076', 49, 457, 'Immanuel Bednar', '2023-09-17', 'Y');
INSERT INTO card (card_num, card_acct_id, card_cvv_cd, card_embossed_name, card_expiration_date, card_active_status) VALUES ('8517866958206008', 14, 955, 'Chelsea Marks', '2025-12-11', 'Y');
INSERT INTO card (card_num, card_acct_id, card_cvv_cd, card_embossed_name, card_expiration_date, card_active_status) VALUES ('8931369351894783', 8, 230, 'Kelsie Dicki', '2024-05-20', 'Y');
INSERT INTO card (card_num, card_acct_id, card_cvv_cd, card_embossed_name, card_expiration_date, card_active_status) VALUES ('9056297931664011', 25, 931, 'Elliott Howell', '2025-07-10', 'Y');
INSERT INTO card (card_num, card_acct_id, card_cvv_cd, card_embossed_name, card_expiration_date, card_active_status) VALUES ('9349107475869214', 17, 218, 'Sigrid Mann', '2025-03-01', 'Y');
INSERT INTO card (card_num, card_acct_id, card_cvv_cd, card_embossed_name, card_expiration_date, card_active_status) VALUES ('9501733721429893', 9, 725, 'Melvin Ondricka', '2024-12-27', 'Y');
INSERT INTO card (card_num, card_acct_id, card_cvv_cd, card_embossed_name, card_expiration_date, card_active_status) VALUES ('9680294154603697', 1, 45, 'Immanuel Kessler', '2025-05-20', 'Y');
INSERT INTO card (card_num, card_acct_id, card_cvv_cd, card_embossed_name, card_expiration_date, card_active_status) VALUES ('9805583408996588', 40, 908, 'Davon Emmerich', '2023-10-27', 'Y');

-- Card cross-reference data (cardxref.txt / CVACT03Y)
INSERT INTO card_xref (xref_card_num, xref_cust_id, xref_acct_id) VALUES ('0500024453765740', 50, 50);
INSERT INTO card_xref (xref_card_num, xref_cust_id, xref_acct_id) VALUES ('0683586198171516', 27, 27);
INSERT INTO card_xref (xref_card_num, xref_cust_id, xref_acct_id) VALUES ('0923877193247330', 2, 2);
INSERT INTO card_xref (xref_card_num, xref_cust_id, xref_acct_id) VALUES ('0927987108636232', 20, 20);
INSERT INTO card_xref (xref_card_num, xref_cust_id, xref_acct_id) VALUES ('0982496213629795', 12, 12);
INSERT INTO card_xref (xref_card_num, xref_cust_id, xref_acct_id) VALUES ('1014086565224350', 44, 44);
INSERT INTO card_xref (xref_card_num, xref_cust_id, xref_acct_id) VALUES ('1142167692878931', 37, 37);
INSERT INTO card_xref (xref_card_num, xref_cust_id, xref_acct_id) VALUES ('1561409106491600', 35, 35);
INSERT INTO card_xref (xref_card_num, xref_cust_id, xref_acct_id) VALUES ('2745303720002090', 39, 39);
INSERT INTO card_xref (xref_card_num, xref_cust_id, xref_acct_id) VALUES ('2760836797107565', 24, 24);
INSERT INTO card_xref (xref_card_num, xref_cust_id, xref_acct_id) VALUES ('2871968252812490', 6, 6);
INSERT INTO card_xref (xref_card_num, xref_cust_id, xref_acct_id) VALUES ('2940139362300449', 22, 22);
INSERT INTO card_xref (xref_card_num, xref_cust_id, xref_acct_id) VALUES ('2988091353094312', 4, 4);
INSERT INTO card_xref (xref_card_num, xref_cust_id, xref_acct_id) VALUES ('3260763612337560', 10, 10);
INSERT INTO card_xref (xref_card_num, xref_cust_id, xref_acct_id) VALUES ('3766281984155154', 41, 41);
INSERT INTO card_xref (xref_card_num, xref_cust_id, xref_acct_id) VALUES ('3940246016141489', 19, 19);
INSERT INTO card_xref (xref_card_num, xref_cust_id, xref_acct_id) VALUES ('3999169246375885', 3, 3);
INSERT INTO card_xref (xref_card_num, xref_cust_id, xref_acct_id) VALUES ('4011500891777367', 13, 13);
INSERT INTO card_xref (xref_card_num, xref_cust_id, xref_acct_id) VALUES ('4385271476627819', 34, 34);
INSERT INTO card_xref (xref_card_num, xref_cust_id, xref_acct_id) VALUES ('4534784102713951', 36, 36);
INSERT INTO card_xref (xref_card_num, xref_cust_id, xref_acct_id) VALUES ('4859452612877065', 7, 7);
INSERT INTO card_xref (xref_card_num, xref_cust_id, xref_acct_id) VALUES ('5407099850479866', 21, 21);
INSERT INTO card_xref (xref_card_num, xref_cust_id, xref_acct_id) VALUES ('5656830544981216', 46, 46);
INSERT INTO card_xref (xref_card_num, xref_cust_id, xref_acct_id) VALUES ('5671184478505844', 18, 18);
INSERT INTO card_xref (xref_card_num, xref_cust_id, xref_acct_id) VALUES ('5787351228879339', 47, 47);
INSERT INTO card_xref (xref_card_num, xref_cust_id, xref_acct_id) VALUES ('5975117516616077', 42, 42);
INSERT INTO card_xref (xref_card_num, xref_cust_id, xref_acct_id) VALUES ('6009619150674526', 5, 5);
INSERT INTO card_xref (xref_card_num, xref_cust_id, xref_acct_id) VALUES ('6349250331648509', 15, 15);
INSERT INTO card_xref (xref_card_num, xref_cust_id, xref_acct_id) VALUES ('6503535181795992', 48, 48);
INSERT INTO card_xref (xref_card_num, xref_cust_id, xref_acct_id) VALUES ('6509230362553816', 30, 30);
INSERT INTO card_xref (xref_card_num, xref_cust_id, xref_acct_id) VALUES ('6723000463207764', 28, 28);
INSERT INTO card_xref (xref_card_num, xref_cust_id, xref_acct_id) VALUES ('6727055190616014', 16, 16);
INSERT INTO card_xref (xref_card_num, xref_cust_id, xref_acct_id) VALUES ('6832676047698087', 33, 33);
INSERT INTO card_xref (xref_card_num, xref_cust_id, xref_acct_id) VALUES ('7026637615032277', 31, 31);
INSERT INTO card_xref (xref_card_num, xref_cust_id, xref_acct_id) VALUES ('7058267261837752', 43, 43);
INSERT INTO card_xref (xref_card_num, xref_cust_id, xref_acct_id) VALUES ('7094142751055551', 32, 32);
INSERT INTO card_xref (xref_card_num, xref_cust_id, xref_acct_id) VALUES ('7251508149188883', 29, 29);
INSERT INTO card_xref (xref_card_num, xref_cust_id, xref_acct_id) VALUES ('7379335634661142', 45, 45);
INSERT INTO card_xref (xref_card_num, xref_cust_id, xref_acct_id) VALUES ('7427684863423209', 11, 11);
INSERT INTO card_xref (xref_card_num, xref_cust_id, xref_acct_id) VALUES ('7443870988897530', 38, 38);
INSERT INTO card_xref (xref_card_num, xref_cust_id, xref_acct_id) VALUES ('8040580410348680', 26, 26);
INSERT INTO card_xref (xref_card_num, xref_cust_id, xref_acct_id) VALUES ('8112545834239735', 23, 23);
INSERT INTO card_xref (xref_card_num, xref_cust_id, xref_acct_id) VALUES ('8262593602473076', 49, 49);
INSERT INTO card_xref (xref_card_num, xref_cust_id, xref_acct_id) VALUES ('8517866958206008', 14, 14);
INSERT INTO card_xref (xref_card_num, xref_cust_id, xref_acct_id) VALUES ('8931369351894783', 8, 8);
INSERT INTO card_xref (xref_card_num, xref_cust_id, xref_acct_id) VALUES ('9056297931664011', 25, 25);
INSERT INTO card_xref (xref_card_num, xref_cust_id, xref_acct_id) VALUES ('9349107475869214', 17, 17);
INSERT INTO card_xref (xref_card_num, xref_cust_id, xref_acct_id) VALUES ('9501733721429893', 9, 9);
INSERT INTO card_xref (xref_card_num, xref_cust_id, xref_acct_id) VALUES ('9680294154603697', 1, 1);
INSERT INTO card_xref (xref_card_num, xref_cust_id, xref_acct_id) VALUES ('9805583408996588', 40, 40);

