-- Seed data parsed from COBOL fixed-width data files (app/data/ASCII/)
-- Record layouts defined in copybooks: CVACT01Y, CVCUS01Y, CVACT02Y, CVACT03Y

-- Customers (from custdata.txt, CVCUS01Y layout)
INSERT INTO customers (cust_id, first_name, middle_name, last_name, addr_line_1, addr_line_2, addr_line_3, state_cd, country_cd, zip, phone_1, phone_2, ssn, govt_issued_id, dob, eft_account_id, pri_card_holder_ind, fico_credit_score) VALUES (2, 'Enrico', 'April', 'Rosenbaum', '4917 Myrna Flats', 'Apt. 453', 'West Bernita', 'IN', 'USA', '22770', '(429)706-9510', '(744)950-5272', 587518382, '00000000000506210371', '1961-10-08', '0069194009', 'Y', 268);
INSERT INTO customers (cust_id, first_name, middle_name, last_name, addr_line_1, addr_line_2, addr_line_3, state_cd, country_cd, zip, phone_1, phone_2, ssn, govt_issued_id, dob, eft_account_id, pri_card_holder_ind, fico_credit_score) VALUES (12, 'Maci', 'Alan', 'Robel', '80501 Isac Cliffs', 'Suite 623', 'Predovicton', 'MN', 'USA', '78861', '(584)045-5200', '(610)244-0407', 666114218, '00000000000902143351', '1984-02-18', '0061317348', 'Y', 688);
INSERT INTO customers (cust_id, first_name, middle_name, last_name, addr_line_1, addr_line_2, addr_line_3, state_cd, country_cd, zip, phone_1, phone_2, ssn, govt_issued_id, dob, eft_account_id, pri_card_holder_ind, fico_credit_score) VALUES (20, 'Carter', 'Oren', 'Veum', '5845 Allison Valleys', 'Suite 934', 'Mitchellmouth', 'MH', 'USA', '72362', '(618)994-0531', '(571)695-4136', 717778238, '00000000000342661293', '1996-04-14', '0036749754', 'Y', 493);
INSERT INTO customers (cust_id, first_name, middle_name, last_name, addr_line_1, addr_line_2, addr_line_3, state_cd, country_cd, zip, phone_1, phone_2, ssn, govt_issued_id, dob, eft_account_id, pri_card_holder_ind, fico_credit_score) VALUES (24, 'Stefanie', 'Verla', 'Dickinson', '6367 Stracke River', 'Apt. 444', 'East Otho', 'KS', 'USA', '15414', '(617)348-9142', '(330)116-5634', 17590544, '00000000000439244633', '1996-01-24', '0005459662', 'Y', 711);
INSERT INTO customers (cust_id, first_name, middle_name, last_name, addr_line_1, addr_line_2, addr_line_3, state_cd, country_cd, zip, phone_1, phone_2, ssn, govt_issued_id, dob, eft_account_id, pri_card_holder_ind, fico_credit_score) VALUES (27, 'Ward', 'Henri', 'Jones', '210 Amaya Turnpike', 'Suite 180', 'Port Dwight', 'GU', 'USA', '07923-8822', '(935)027-1145', '(103)537-5007', 980161210, '00000000000881558757', '1986-11-08', '0050024139', 'Y', 78);
INSERT INTO customers (cust_id, first_name, middle_name, last_name, addr_line_1, addr_line_2, addr_line_3, state_cd, country_cd, zip, phone_1, phone_2, ssn, govt_issued_id, dob, eft_account_id, pri_card_holder_ind, fico_credit_score) VALUES (35, 'Angelica', 'Damaris', 'Dach', '396 Pearl Loop', 'Suite 383', 'Pfefferhaven', 'LA', 'USA', '46142', '(303)480-9098', '(637)710-7367', 220547115, '00000000000977144839', '1987-06-23', '0047435332', 'Y', 793);
INSERT INTO customers (cust_id, first_name, middle_name, last_name, addr_line_1, addr_line_2, addr_line_3, state_cd, country_cd, zip, phone_1, phone_2, ssn, govt_issued_id, dob, eft_account_id, pri_card_holder_ind, fico_credit_score) VALUES (37, 'Shany', 'Darby', 'Walker', '91196 Heaney Turnpike', 'Suite 814', 'Lubowitzberg', 'NV', 'USA', '11857-8177', '(052)759-5167', '(706)896-1282', 891897974, '00000000000524312632', '1984-12-09', '0066111704', 'Y', 653);
INSERT INTO customers (cust_id, first_name, middle_name, last_name, addr_line_1, addr_line_2, addr_line_3, state_cd, country_cd, zip, phone_1, phone_2, ssn, govt_issued_id, dob, eft_account_id, pri_card_holder_ind, fico_credit_score) VALUES (39, 'Aliyah', 'Horace', 'Berge', '5761 Pasquale Trail', 'Apt. 616', 'New Sabryna', 'IA', 'USA', '74267', '(089)096-3287', '(768)959-4733', 510793388, '00000000000553254403', '1972-08-26', '0061869530', 'Y', 475);
INSERT INTO customers (cust_id, first_name, middle_name, last_name, addr_line_1, addr_line_2, addr_line_3, state_cd, country_cd, zip, phone_1, phone_2, ssn, govt_issued_id, dob, eft_account_id, pri_card_holder_ind, fico_credit_score) VALUES (44, 'Irving', 'Kiera', 'Emard', '978 Fatima Stream', 'Apt. 110', 'Lake King', 'ID', 'USA', '05704-0501', '(703)484-5840', '(537)392-5569', 318104527, '00000000000934420974', '1984-04-04', '0032076778', 'Y', 145);
INSERT INTO customers (cust_id, first_name, middle_name, last_name, addr_line_1, addr_line_2, addr_line_3, state_cd, country_cd, zip, phone_1, phone_2, ssn, govt_issued_id, dob, eft_account_id, pri_card_holder_ind, fico_credit_score) VALUES (50, 'Aniya', 'Alba', 'Von', '1588 Nienow Cape', 'Suite 187', 'New Aricchester', 'OR', 'USA', '04257', '(325)301-0827', '(493)985-9283', 931248469, '00000000000030387824', '1960-12-01', '0074883577', 'Y', 623);

-- Accounts (from acctdata.txt, CVACT01Y layout)
INSERT INTO accounts (acct_id, active_status, curr_bal, credit_limit, cash_credit_limit, open_date, expiration_date, reissue_date, curr_cyc_credit, curr_cyc_debit, addr_zip, group_id) VALUES (2, 'Y', 158.00, 6130.00, 5448.00, '2013-06-19', '2024-08-11', '2024-08-11', 0.00, 0.00, 'A000000000', '');
INSERT INTO accounts (acct_id, active_status, curr_bal, credit_limit, cash_credit_limit, open_date, expiration_date, reissue_date, curr_cyc_credit, curr_cyc_debit, addr_zip, group_id) VALUES (12, 'Y', 176.00, 4636.00, 388.00, '2009-06-17', '2023-07-07', '2023-07-07', 0.00, 0.00, 'A000000000', '');
INSERT INTO accounts (acct_id, active_status, curr_bal, credit_limit, cash_credit_limit, open_date, expiration_date, reissue_date, curr_cyc_credit, curr_cyc_debit, addr_zip, group_id) VALUES (20, 'Y', 369.00, 3767.00, 1040.00, '2014-02-27', '2024-03-13', '2024-03-13', 0.00, 0.00, 'A000000000', '');
INSERT INTO accounts (acct_id, active_status, curr_bal, credit_limit, cash_credit_limit, open_date, expiration_date, reissue_date, curr_cyc_credit, curr_cyc_debit, addr_zip, group_id) VALUES (24, 'Y', 400.00, 5174.00, 4129.00, '2015-08-08', '2025-02-11', '2025-02-11', 0.00, 0.00, 'A000000000', '');
INSERT INTO accounts (acct_id, active_status, curr_bal, credit_limit, cash_credit_limit, open_date, expiration_date, reissue_date, curr_cyc_credit, curr_cyc_debit, addr_zip, group_id) VALUES (27, 'Y', 284.00, 5572.00, 2075.00, '2012-09-30', '2025-07-13', '2025-07-13', 0.00, 0.00, 'A000000000', '');
INSERT INTO accounts (acct_id, active_status, curr_bal, credit_limit, cash_credit_limit, open_date, expiration_date, reissue_date, curr_cyc_credit, curr_cyc_debit, addr_zip, group_id) VALUES (35, 'Y', 166.00, 1947.00, 1525.00, '2018-02-02', '2025-09-23', '2025-09-23', 0.00, 0.00, 'A000000000', '');
INSERT INTO accounts (acct_id, active_status, curr_bal, credit_limit, cash_credit_limit, open_date, expiration_date, reissue_date, curr_cyc_credit, curr_cyc_debit, addr_zip, group_id) VALUES (37, 'Y', 7.00, 446.00, 166.00, '2016-09-10', '2023-10-24', '2023-10-24', 0.00, 0.00, 'A000000000', '');
INSERT INTO accounts (acct_id, active_status, curr_bal, credit_limit, cash_credit_limit, open_date, expiration_date, reissue_date, curr_cyc_credit, curr_cyc_debit, addr_zip, group_id) VALUES (39, 'Y', 843.00, 9750.00, 6212.00, '2018-08-26', '2025-09-08', '2025-09-08', 0.00, 0.00, 'A000000000', '');
INSERT INTO accounts (acct_id, active_status, curr_bal, credit_limit, cash_credit_limit, open_date, expiration_date, reissue_date, curr_cyc_credit, curr_cyc_debit, addr_zip, group_id) VALUES (44, 'Y', 263.00, 6899.00, 4432.00, '2018-12-01', '2024-01-17', '2024-01-17', 0.00, 0.00, 'A000000000', '');
INSERT INTO accounts (acct_id, active_status, curr_bal, credit_limit, cash_credit_limit, open_date, expiration_date, reissue_date, curr_cyc_credit, curr_cyc_debit, addr_zip, group_id) VALUES (50, 'Y', 492.00, 6169.00, 4587.00, '2011-04-22', '2023-03-09', '2023-03-09', 0.00, 0.00, 'A000000000', '');

-- Cards (from carddata.txt, CVACT02Y layout)
INSERT INTO cards (card_num, card_acct_id, cvv_cd, embossed_name, expiration_date, active_status) VALUES ('0500024453765740', 50, 747, 'Aniya Von', '2023-03-09', 'Y');
INSERT INTO cards (card_num, card_acct_id, cvv_cd, embossed_name, expiration_date, active_status) VALUES ('0683586198171516', 27, 567, 'Ward Jones', '2025-07-13', 'Y');
INSERT INTO cards (card_num, card_acct_id, cvv_cd, embossed_name, expiration_date, active_status) VALUES ('0923877193247330', 2, 28, 'Enrico Rosenbaum', '2024-08-11', 'Y');
INSERT INTO cards (card_num, card_acct_id, cvv_cd, embossed_name, expiration_date, active_status) VALUES ('0927987108636232', 20, 3, 'Carter Veum', '2024-03-13', 'Y');
INSERT INTO cards (card_num, card_acct_id, cvv_cd, embossed_name, expiration_date, active_status) VALUES ('0982496213629795', 12, 75, 'Maci Robel', '2023-07-07', 'Y');
INSERT INTO cards (card_num, card_acct_id, cvv_cd, embossed_name, expiration_date, active_status) VALUES ('1014086565224350', 44, 640, 'Irving Emard', '2024-01-17', 'Y');
INSERT INTO cards (card_num, card_acct_id, cvv_cd, embossed_name, expiration_date, active_status) VALUES ('1142167692878931', 37, 625, 'Shany Walker', '2023-10-24', 'Y');
INSERT INTO cards (card_num, card_acct_id, cvv_cd, embossed_name, expiration_date, active_status) VALUES ('1561409106491600', 35, 31, 'Angelica Dach', '2025-09-23', 'Y');
INSERT INTO cards (card_num, card_acct_id, cvv_cd, embossed_name, expiration_date, active_status) VALUES ('2745303720002090', 39, 33, 'Aliyah Berge', '2025-09-08', 'Y');
INSERT INTO cards (card_num, card_acct_id, cvv_cd, embossed_name, expiration_date, active_status) VALUES ('2760836797107565', 24, 859, 'Stefanie Dickinson', '2025-02-11', 'Y');

-- Card XREF (from cardxref.txt, CVACT03Y layout)
INSERT INTO card_xref (xref_card_num, xref_cust_id, xref_acct_id) VALUES ('0500024453765740', 50, 50);
INSERT INTO card_xref (xref_card_num, xref_cust_id, xref_acct_id) VALUES ('0683586198171516', 27, 27);
INSERT INTO card_xref (xref_card_num, xref_cust_id, xref_acct_id) VALUES ('0923877193247330', 2, 2);
INSERT INTO card_xref (xref_card_num, xref_cust_id, xref_acct_id) VALUES ('0927987108636232', 20, 20);
INSERT INTO card_xref (xref_card_num, xref_cust_id, xref_acct_id) VALUES ('0982496213629795', 12, 12);
INSERT INTO card_xref (xref_card_num, xref_cust_id, xref_acct_id) VALUES ('1014086565224350', 44, 44);
INSERT INTO card_xref (xref_card_num, xref_cust_id, xref_acct_id) VALUES ('1142167692878931', 37, 37);
INSERT INTO card_xref (xref_card_num, xref_cust_id, xref_acct_id) VALUES ('1561409106491600', 35, 35);
INSERT INTO card_xref (xref_card_num, xref_cust_id, xref_acct_id) VALUES ('2745303720002090', 39, 39);
INSERT INTO card_xref (xref_card_num, xref_cust_id, xref_acct_id) VALUES ('2760836797107565', 24, 24);
