-- V2: Seed account data based on patterns from app/data/ASCII/ files

-- Accounts (from acctdata.txt pattern)
INSERT INTO accounts (acct_id, acct_active_status, acct_curr_bal, acct_credit_limit, acct_cash_credit_limit,
                      acct_open_date, acct_expiration_date, acct_reissue_date,
                      acct_curr_cyc_credit, acct_curr_cyc_debit, acct_addr_zip, acct_group_id)
VALUES
    (1,  'Y', 1940.00,  20200.00, 10200.00, '2014-11-20', '2025-05-20', '2025-05-20', 0.00, 0.00, '10001', 'A000000000'),
    (2,  'Y', 1580.00,  61300.00, 54480.00, '2013-06-19', '2024-08-11', '2024-08-11', 0.00, 0.00, '90210', 'A000000000'),
    (3,  'Y', 1470.00,  49090.00,  5380.00, '2013-08-23', '2024-01-10', '2024-01-10', 0.00, 0.00, '30301', 'A000000000'),
    (4,  'Y',  400.00,  35030.00, 27890.00, '2012-11-17', '2023-12-16', '2023-12-16', 0.00, 0.00, '48201', 'A000000000'),
    (5,  'Y', 3450.00,  38190.00, 24300.00, '2012-10-03', '2025-03-09', '2025-03-09', 0.00, 0.00, '02101', 'A000000000'),
    (6,  'Y', 2200.00,  15000.00,  7500.00, '2015-03-15', '2026-03-15', '2026-03-15', 150.00, 80.00, '60601', 'A000000000'),
    (7,  'Y', 5600.00,  25000.00, 12000.00, '2016-07-22', '2026-07-22', '2026-07-22', 300.00, 200.00, '33101', 'A000000000'),
    (8,  'N', 9800.00,  10000.00,  5000.00, '2011-01-10', '2023-01-10', '2022-01-10', 0.00, 0.00, '77001', 'A000000000'),
    (9,  'Y', 750.00,   45000.00, 20000.00, '2018-09-05', '2028-09-05', '2026-09-05', 500.00, 350.00, '94102', 'A000000000'),
    (10, 'Y', 12500.00, 50000.00, 25000.00, '2017-04-18', '2027-04-18', '2025-04-18', 1200.00, 800.00, '98101', 'A000000000'),
    (11, 'Y', 320.00,   18000.00,  9000.00, '2019-12-01', '2029-12-01', '2027-12-01', 50.00, 30.00, '85001', 'A000000000'),
    (12, 'Y', 6700.00,  30000.00, 15000.00, '2014-06-30', '2024-06-30', '2024-06-30', 0.00, 0.00, '19101', 'A000000000'),
    (13, 'Y', 890.00,   22000.00, 11000.00, '2020-02-14', '2030-02-14', '2028-02-14', 75.00, 40.00, '55401', 'A000000000'),
    (14, 'N', 15000.00, 15000.00,  7500.00, '2010-08-20', '2022-08-20', '2020-08-20', 0.00, 0.00, '80201', 'A000000000'),
    (15, 'Y', 4300.00,  40000.00, 18000.00, '2021-05-10', '2031-05-10', '2029-05-10', 600.00, 400.00, '97201', 'A000000000');

-- Customers (from custdata.txt pattern)
INSERT INTO customers (cust_id, cust_first_name, cust_middle_name, cust_last_name,
                       cust_addr_line_1, cust_addr_line_2, cust_addr_line_3,
                       cust_addr_state_cd, cust_addr_country_cd, cust_addr_zip,
                       cust_phone_num_1, cust_phone_num_2, cust_ssn, cust_govt_issued_id,
                       cust_dob, cust_eft_account_id, cust_pri_card_holder_ind, cust_fico_credit_score)
VALUES
    (1,  'Immanuel',  'Madeline', 'Kessler',     '618 Deshaun Route',       'Apt. 802', '', 'NC', 'USA', '12546',      '(908)119-8310', '(373)693-8684', 20973888,  '0493684371', '1961-06-08', '0053581756', 'Y', 274),
    (2,  'Enrico',    'April',    'Rosenbaum',    '4917 Myrna Flats',        'Apt. 453', '', 'IN', 'USA', '22770',      '(429)706-9510', '(744)950-5272', 587518382, '5062103711', '1961-10-08', '0069194009', 'Y', 268),
    (3,  'Larry',     'Cody',     'Homenick',     '362 Esta Parks',          'Apt. 390', '', 'GA', 'USA', '19852-6716', '(950)396-9024', '(685)168-8826', 317460867, '0524193031', '1987-11-30', '0006465789', 'Y', 616),
    (4,  'Delbert',   'Kaia',     'Parisian',     '638 Blanda Gateway',      'Apt. 076', '', 'MI', 'USA', '39035-0455', '(801)603-4121', '(156)074-6837', 660354258, '0685792491', '1985-01-13', '0040802739', 'Y', 776),
    (5,  'Treva',     'Manley',   'Schowalter',   '5653 Legros Plaza',       'Apt. 968', '', 'MI', 'USA', '02251-1698', '(978)775-4633', '(439)943-7644', 611264288, '6397997541', '1971-09-29', '0006365573', 'Y', 529),
    (6,  'Sarah',     'Marie',    'Johnson',      '123 Oak Lane',            'Suite 5',  '', 'CA', 'USA', '94102',      '(415)555-1234', '(415)555-5678', 123456789, '1234567890', '1985-03-15', '0012345678', 'Y', 720),
    (7,  'Michael',   'James',    'Williams',     '456 Elm Street',          '',         '', 'TX', 'USA', '77001',      '(713)555-9012', '(713)555-3456', 234567890, '2345678901', '1978-07-22', '0023456789', 'Y', 680),
    (8,  'Jennifer',  'Lynn',     'Brown',        '789 Maple Avenue',        'Floor 3',  '', 'NY', 'USA', '10001',      '(212)555-7890', '(212)555-1234', 345678901, '3456789012', '1990-11-10', '0034567890', 'Y', 750),
    (9,  'Robert',    'Alan',     'Davis',        '321 Pine Road',           '',         '', 'FL', 'USA', '33101',      '(305)555-2345', '(305)555-6789', 456789012, '4567890123', '1965-04-05', '0045678901', 'Y', 800),
    (10, 'Maria',     'Elena',    'Garcia',       '654 Cedar Boulevard',     'Apt. 210', '', 'AZ', 'USA', '85001',      '(602)555-4567', '(602)555-8901', 567890123, '5678901234', '1992-08-18', '0056789012', 'Y', 710),
    (11, 'David',     'Lee',      'Martinez',     '987 Birch Court',         '',         '', 'WA', 'USA', '98101',      '(206)555-6789', '(206)555-0123', 678901234, '6789012345', '1988-12-01', '0067890123', 'Y', 690),
    (12, 'Linda',     'Rose',     'Anderson',     '147 Walnut Drive',        'Unit B',   '', 'OR', 'USA', '97201',      '(503)555-8901', '(503)555-2345', 789012345, '7890123456', '1975-06-30', '0078901234', 'Y', 740),
    (13, 'James',     'Patrick',  'Taylor',       '258 Spruce Way',          '',         '', 'CO', 'USA', '80201',      '(303)555-0123', '(303)555-4567', 890123456, '8901234567', '1982-09-14', '0089012345', 'Y', 660),
    (14, 'Patricia',  'Ann',      'Thomas',       '369 Ash Place',           'Apt. 100', '', 'MN', 'USA', '55401',      '(612)555-2345', '(612)555-6789', 901234567, '9012345678', '1970-02-28', '0090123456', 'Y', 780),
    (15, 'William',   'Henry',    'Jackson',      '480 Redwood Circle',      '',         '', 'PA', 'USA', '19101',      '(215)555-4567', '(215)555-8901', 112345678, '0123456780', '1995-05-10', '0001234567', 'Y', 700);

-- Cards (from carddata.txt pattern)
INSERT INTO cards (card_num, card_acct_id, card_cvv_cd, card_embossed_name,
                   card_expiration_date, card_active_status)
VALUES
    ('4111111111111111', 1,  747, 'Immanuel Kessler',       '2025-05-20', 'Y'),
    ('4111111111111112', 2,  321, 'Enrico Rosenbaum',       '2024-08-11', 'Y'),
    ('4111111111111113', 3,  654, 'Larry Homenick',         '2024-01-10', 'Y'),
    ('4111111111111114', 4,  987, 'Delbert Parisian',       '2023-12-16', 'Y'),
    ('4111111111111115', 5,  159, 'Treva Schowalter',       '2025-03-09', 'Y'),
    ('4111111111111116', 6,  482, 'Sarah Johnson',          '2026-03-15', 'Y'),
    ('4111111111111117', 7,  753, 'Michael Williams',       '2026-07-22', 'Y'),
    ('4111111111111118', 8,  264, 'Jennifer Brown',         '2023-01-10', 'N'),
    ('4111111111111119', 9,  831, 'Robert Davis',           '2028-09-05', 'Y'),
    ('4111111111111120', 10, 592, 'Maria Garcia',           '2027-04-18', 'Y'),
    ('4222222222222221', 1,  418, 'Immanuel Kessler',       '2025-05-20', 'Y'),
    ('4222222222222222', 3,  673, 'Larry Homenick',         '2024-01-10', 'Y'),
    ('4222222222222223', 5,  215, 'Treva Schowalter',       '2025-03-09', 'Y'),
    ('4222222222222224', 7,  896, 'Michael Williams',       '2026-07-22', 'Y'),
    ('4222222222222225', 9,  347, 'Robert Davis',           '2028-09-05', 'Y'),
    ('4222222222222226', 11, 128, 'David Martinez',         '2029-12-01', 'Y'),
    ('4222222222222227', 12, 564, 'Linda Anderson',         '2024-06-30', 'Y'),
    ('4222222222222228', 13, 739, 'James Taylor',           '2030-02-14', 'Y'),
    ('4222222222222229', 14, 451, 'Patricia Thomas',        '2022-08-20', 'N'),
    ('4222222222222230', 15, 682, 'William Jackson',        '2031-05-10', 'Y');

-- Card cross-references (from cardxref.txt pattern)
INSERT INTO card_xref (xref_card_num, xref_cust_id, xref_acct_id)
VALUES
    ('4111111111111111', 1,  1),
    ('4111111111111112', 2,  2),
    ('4111111111111113', 3,  3),
    ('4111111111111114', 4,  4),
    ('4111111111111115', 5,  5),
    ('4111111111111116', 6,  6),
    ('4111111111111117', 7,  7),
    ('4111111111111118', 8,  8),
    ('4111111111111119', 9,  9),
    ('4111111111111120', 10, 10),
    ('4222222222222221', 1,  1),
    ('4222222222222222', 3,  3),
    ('4222222222222223', 5,  5),
    ('4222222222222224', 7,  7),
    ('4222222222222225', 9,  9),
    ('4222222222222226', 11, 11),
    ('4222222222222227', 12, 12),
    ('4222222222222228', 13, 13),
    ('4222222222222229', 14, 14),
    ('4222222222222230', 15, 15);
